"tweet_id","in_reply_to_status_id","in_reply_to_user_id","timestamp","source","text","retweeted_status_id","retweeted_status_user_id","retweeted_status_timestamp","expanded_urls"
"515471674292961285","","","2014-09-26 12:03:18 +0000","<a href=""http://tapbots.com/software/tweetbot/mac"" rel=""nofollow"">Tweetbot for Mac</a>","AWS SDK for Ruby version2 Released! - http://t.co/b4MgI6yy7S","","","","http://dev.classmethod.jp/cloud/aws/aws-sdk-for-ruby-version2-released/"
"515406978386903040","","","2014-09-26 07:46:14 +0000","<a href=""http://tapbots.com/software/tweetbot/mac"" rel=""nofollow"">Tweetbot for Mac</a>","macのguiのテキストエディタって流行り廃り結構あるからな。textmateだsublimeだatomだてなるなら、結局vim使いこなすのが一番コスパ高い。","","","",""
"515362094921707521","","","2014-09-26 04:47:53 +0000","<a href=""http://tapbots.com/software/tweetbot/mac"" rel=""nofollow"">Tweetbot for Mac</a>","oh...｜｢iOS 8.0.2｣でも一部で｢iOS 8.0.1｣と同様の不具合が発生 - http://t.co/MH0PJwthlS","","","","http://taisy0.com/2014/09/26/38281.html"
"515167263154917376","","","2014-09-25 15:53:41 +0000","<a href=""http://tapbots.com/software/tweetbot/mac"" rel=""nofollow"">Tweetbot for Mac</a>","FF14作業感強すぎてつらい","","","",""
"515003386098229248","","","2014-09-25 05:02:30 +0000","<a href=""http://tapbots.com/software/tweetbot/mac"" rel=""nofollow"">Tweetbot for Mac</a>","そもそも体をその場所に固定されたら意味ない気がする","","","",""
"515003181793681408","","","2014-09-25 05:01:41 +0000","<a href=""http://tapbots.com/software/tweetbot/mac"" rel=""nofollow"">Tweetbot for Mac</a>","3勤4休で15万でいいとかいう記事みたけど、月給換算で25万でしかないんだよな。
スポット案件で月30万割ることはないだろうから、6ヶ月働いて6ヶ月休んだ方が遥かに効率的。
3勤4休だと健康保険とか年金も入れないだろうし、相当のコスト高じゃないか","","","",""
"514999327077330944","","","2014-09-25 04:46:22 +0000","<a href=""http://tapbots.com/tweetbot"" rel=""nofollow"">Tweetbot for iΟS</a>","RT @dora_the_emon: 社長のことを「よちくん」と呼んでいる愛人にはまったく罪はないんだけど、この愛人のせいでおれの夏のボーナスはまだ支払われないかと思うとこみ上げてくるものがある","514976876159188992","183024955","2014-09-25 03:17:09 +0000",""
"514987933762207745","","","2014-09-25 04:01:06 +0000","<a href=""http://tapbots.com/software/tweetbot/mac"" rel=""nofollow"">Tweetbot for Mac</a>","いい天気だ","","","",""
"514724367712792576","","","2014-09-24 10:33:47 +0000","<a href=""http://tapbots.com/tweetbot"" rel=""nofollow"">Tweetbot for iΟS</a>","RT @hanachin_: ActiveRecordのenum、DBの中の値が数字だと気軽に名前かえれていい。DBの中身が文字列とかだとupdate_allとかしないとアレそうで一大事感ある〜。","514684608676245505","165462023","2014-09-24 07:55:47 +0000",""
"514629534990073856","","","2014-09-24 04:16:57 +0000","<a href=""http://tapbots.com/tweetbot"" rel=""nofollow"">Tweetbot for iΟS</a>","RT @r_rudi: 関西でAnsible勉強会を開いてくれないか、という問い合わせを頂いたのですが、関西方面でどなたか主催していただける方はおられないでしょうか。   #ansiblejp","514589156471607296","127211245","2014-09-24 01:36:30 +0000",""
"514628907052457984","","","2014-09-24 04:14:27 +0000","<a href=""http://tapbots.com/tweetbot"" rel=""nofollow"">Tweetbot for iΟS</a>","RT @hameln: 全くだ('A`) ＞ 「IT業界で無事にいたいなら銀行に関わるな」 あと官公庁・地方自治体とトヨタ系企業も追加で。
あれらは他の職業で食い詰めて、職業訓練をうけてIT系くらいしかできなくなった未経験者たちが奴隷PG - 交換可能な安物パンチャーとして働く…","514417556786909184","14395303","2014-09-23 14:14:37 +0000",""
"514130268370657281","","","2014-09-22 19:13:02 +0000","<a href=""http://tapbots.com/software/tweetbot/mac"" rel=""nofollow"">Tweetbot for Mac</a>","なんて悲しい漫画なんだ｜艦娘の経験人数が見える眼鏡 - http://t.co/PHVgOEtOQa","","","","http://www.pixiv.net/member_illust.php?mode=medium&illust_id=44544105"
"514042996497457153","","","2014-09-22 13:26:15 +0000","<a href=""http://tapbots.com/software/tweetbot/mac"" rel=""nofollow"">Tweetbot for Mac</a>","1keyboardでPS3とキーボード共有できない","","","",""
"514036980393328641","","","2014-09-22 13:02:21 +0000","<a href=""http://tapbots.com/software/tweetbot/mac"" rel=""nofollow"">Tweetbot for Mac</a>","RT @_Nyaruko: きもいばぶくん。: http://t.co/8YAQ0KH5tH @YouTubeさんから","513773732171481088","1335536592","2014-09-21 19:36:17 +0000","http://youtu.be/u9eyxW3DXQw,http://youtu.be/u9eyxW3DXQw"
"514035651897864193","","","2014-09-22 12:57:04 +0000","<a href=""http://tapbots.com/software/tweetbot/mac"" rel=""nofollow"">Tweetbot for Mac</a>","フィジカルボーナスはクラス毎に別なのかね","","","",""
"514034024872808448","","","2014-09-22 12:50:36 +0000","<a href=""http://tapbots.com/software/tweetbot/mac"" rel=""nofollow"">Tweetbot for Mac</a>","アカウントっていうか、キャラクターか","","","",""
"514033739693699073","","","2014-09-22 12:49:28 +0000","<a href=""http://tapbots.com/software/tweetbot/mac"" rel=""nofollow"">Tweetbot for Mac</a>","FF14て複数アカウント作るメリットあるの？生産と戦闘のアカウント分けた方がいいの？","","","",""
"514026819733835777","","","2014-09-22 12:21:58 +0000","<a href=""http://tapbots.com/tweetbot"" rel=""nofollow"">Tweetbot for iΟS</a>","クソツイッタラー問題はあると思う","","","",""
"513913896327860224","","","2014-09-22 04:53:15 +0000","<a href=""http://tapbots.com/tweetbot"" rel=""nofollow"">Tweetbot for iΟS</a>","RT @hatebu: コードが見やすく使いやすいSublime Text 2/3のテーマのまとめ | コリス (80 users) http://t.co/WFVQbY5DuH 4件のコメント http://t.co/UM74qb2GJ4","513912108371562496","2632291","2014-09-22 04:46:09 +0000","http://bit.ly/1sguEG9,http://b.hatena.ne.jp/entry/coliss.com/articles/build-websites/operation/work/sublime-text-themes-for-developer-2014.html,http://bit.ly/1sguEG9,http://b.hatena.ne.jp/entry/coliss.com/articles/build-websites/operation/work/sublime-text-themes-for-developer-2014.html"
"513913584988876800","","","2014-09-22 04:52:01 +0000","<a href=""http://tapbots.com/tweetbot"" rel=""nofollow"">Tweetbot for iΟS</a>","RT @gyota01: 今日有給使うやつは有給初心者
俺ぐらいになると木曜にぶっこんで今週の連続出勤をなくす方に動く","513846965272989696","1048031490","2014-09-22 00:27:17 +0000",""
"513852995553869824","","","2014-09-22 00:51:15 +0000","<a href=""http://tapbots.com/tweetbot"" rel=""nofollow"">Tweetbot for iΟS</a>","つらみ","","","",""
"513422557869924352","","","2014-09-20 20:20:51 +0000","<a href=""http://tapbots.com/software/tweetbot/mac"" rel=""nofollow"">Tweetbot for Mac</a>","飛空艇まで進んだけど、FF14これから面白くなるんかね？なんかFATE？を巡回してる人が沢山いて、見つけるとわーって人が群がる。敵は一人だけタゲって後はみんなでたこ殴り。戦略性とかチャットとかもないし、なんだろうこれは","","","",""
"513408025743196160","","","2014-09-20 19:23:06 +0000","<a href=""http://tapbots.com/software/tweetbot/mac"" rel=""nofollow"">Tweetbot for Mac</a>","RT @Cyn0sura: 猫の惑星
知能を持った猫たちは考えた
「もう俺たち人間を支配してるよな？」
猫はこのままでいることにした
何せ人間ときたら、ひと鳴きすれば食事から被毛の手入れまでやってくれるのだ。猫たちはこんなに便利な奴隷を手放すつもりなど毛頭なかったのである","512895188650315776","99752582","2014-09-19 09:25:16 +0000",""
"513400956566794240","","","2014-09-20 18:55:01 +0000","<a href=""http://tapbots.com/software/tweetbot/mac"" rel=""nofollow"">Tweetbot for Mac</a>","時間の流れつらい","","","",""
"513395730224926720","","","2014-09-20 18:34:15 +0000","<a href=""http://tapbots.com/software/tweetbot/mac"" rel=""nofollow"">Tweetbot for Mac</a>","FFは8くらいからリア充臭くなってやるのが辛くなった","","","",""
"513300815943974913","","","2014-09-20 12:17:05 +0000","<a href=""http://tapbots.com/software/tweetbot/mac"" rel=""nofollow"">Tweetbot for Mac</a>","NHKでやってる巨大災害おもしろい","","","",""
"513294710090117120","","","2014-09-20 11:52:50 +0000","<a href=""http://tapbots.com/software/tweetbot/mac"" rel=""nofollow"">Tweetbot for Mac</a>","FF14 メインクエ２つほどクリアしたが、今のところあんまり面白くない","","","",""
"513195276933165056","","","2014-09-20 05:17:43 +0000","<a href=""http://tapbots.com/software/tweetbot/mac"" rel=""nofollow"">Tweetbot for Mac</a>","omegaにしとこ","","","",""
